                  epoch,         train/box_loss,         train/cls_loss,         train/dfl_loss,   metrics/precision(B),      metrics/recall(B),       metrics/mAP50(B),    metrics/mAP50-95(B),           val/box_loss,           val/cls_loss,           val/dfl_loss,                 lr/pg0,                 lr/pg1,                 lr/pg2
                      1,                 2.3501,                 5.7956,                 1.8802,                0.00379,                0.48607,                0.06715,                0.02446,                 1.8395,                  5.235,                 1.6654,             0.00036406,             0.00036406,             0.00036406
                      2,                 1.9195,                 3.1555,                 1.5564,                0.77777,                0.13831,                0.26656,                0.09306,                 1.9782,                 3.1709,                 1.7366,             0.00073431,             0.00073431,             0.00073431
                      3,                 1.8937,                 2.1977,                  1.553,                0.42251,                0.37561,                0.39824,                 0.1482,                 2.0657,                 2.3387,                  1.791,              0.0011042,              0.0011042,              0.0011042
                      4,                 1.8873,                 1.8764,                 1.5594,                0.37808,                0.39893,                0.30308,                0.09671,                 2.2128,                 2.3644,                 1.9832,              0.0011099,              0.0011099,              0.0011099
                      5,                 1.8522,                 1.6758,                 1.5525,                0.56876,                0.54105,                0.57254,                 0.2339,                 1.9332,                 1.7021,                 1.7901,              0.0011091,              0.0011091,              0.0011091
                      6,                 1.8016,                 1.5523,                 1.5123,                0.65131,                0.59619,                0.63773,                0.25561,                 1.9715,                 1.5386,                 1.7314,               0.001108,               0.001108,               0.001108
                      7,                 1.7858,                 1.4553,                 1.4873,                0.60479,                0.57821,                0.60585,                0.24725,                  1.998,                 1.6139,                 1.7295,              0.0011067,              0.0011067,              0.0011067
                      8,                 1.7514,                  1.397,                 1.4731,                0.66175,                0.63118,                0.66707,                0.25848,                 2.0066,                 1.5037,                 1.7271,              0.0011051,              0.0011051,              0.0011051
                      9,                 1.7275,                 1.3329,                  1.461,                0.66781,                0.62249,                0.65591,                0.26413,                 1.9777,                 1.4899,                 1.7452,              0.0011033,              0.0011033,              0.0011033
                     10,                 1.6962,                  1.283,                 1.4306,                0.70298,                0.66919,                0.71162,                0.27784,                 1.9743,                 1.3899,                 1.7022,              0.0011013,              0.0011013,              0.0011013
                     11,                 1.6749,                 1.2256,                 1.4217,                0.73177,                0.59532,                0.65587,                0.26827,                 1.9705,                 1.5406,                 1.8104,               0.001099,               0.001099,               0.001099
                     12,                 1.6495,                 1.1819,                 1.4066,                0.74807,                0.67277,                0.72957,                0.29525,                 1.9097,                 1.3444,                 1.7003,              0.0010965,              0.0010965,              0.0010965
                     13,                 1.6184,                 1.1454,                 1.3762,                0.73441,                 0.6958,                0.72889,                0.28953,                 2.0209,                 1.3383,                 1.6941,              0.0010937,              0.0010937,              0.0010937
                     14,                 1.5916,                 1.0981,                 1.3716,                0.77082,                0.64689,                0.72711,                 0.2957,                 1.9649,                 1.3237,                 1.7133,              0.0010907,              0.0010907,              0.0010907
                     15,                 1.5746,                 1.0659,                 1.3508,                0.76191,                0.68491,                0.74439,                0.31705,                 1.9341,                 1.2734,                  1.723,              0.0010875,              0.0010875,              0.0010875
                     16,                 1.5331,                 1.0335,                 1.3328,                0.78693,                0.69597,                0.76276,                 0.3176,                 1.9849,                 1.1958,                 1.7039,              0.0010841,              0.0010841,              0.0010841
                     17,                 1.5004,                0.97895,                 1.3116,                0.77841,                0.71125,                0.77432,                0.31622,                 1.9967,                 1.1986,                 1.6973,              0.0010804,              0.0010804,              0.0010804
                     18,                 1.4922,                0.98941,                 1.3105,                0.74842,                 0.6923,                0.73578,                0.28608,                 2.0776,                 1.2425,                 1.8061,              0.0010765,              0.0010765,              0.0010765
                     19,                 1.4493,                0.94099,                  1.283,                0.75642,                0.67149,                0.73541,                 0.3012,                  2.045,                 1.2179,                 1.7606,              0.0010724,              0.0010724,              0.0010724
                     20,                 1.4373,                0.93036,                 1.2781,                0.78658,                0.72385,                0.77408,                0.32867,                 1.9673,                 1.1531,                 1.7003,               0.001068,               0.001068,               0.001068
                     21,                 1.4063,                0.90022,                 1.2555,                0.74074,                0.72872,                0.77369,                0.33506,                 1.9624,                 1.1717,                 1.7141,              0.0010635,              0.0010635,              0.0010635
                     22,                 1.3624,                0.86986,                 1.2344,                0.74934,                0.74276,                0.77415,                0.30864,                 2.0624,                 1.1518,                  1.771,              0.0010587,              0.0010587,              0.0010587
                     23,                 1.3397,                 0.8715,                 1.2228,                0.76646,                0.75783,                0.79131,                 0.3225,                  2.039,                 1.0964,                 1.7438,              0.0010536,              0.0010536,              0.0010536
                     24,                 1.3083,                0.84455,                 1.2121,                0.75268,                0.67983,                0.72475,                0.30253,                 2.0404,                 1.2709,                 1.8091,              0.0010484,              0.0010484,              0.0010484
                     25,                 1.2888,                0.80932,                 1.1956,                0.77355,                0.74066,                0.78444,                0.31709,                 2.0538,                 1.1118,                 1.7874,               0.001043,               0.001043,               0.001043
                     26,                 1.2684,                0.79926,                 1.1913,                0.76004,                0.76782,                0.79691,                0.32729,                 2.0386,                 1.0736,                 1.7754,              0.0010373,              0.0010373,              0.0010373
                     27,                 1.2442,                0.76293,                 1.1682,                0.74003,                0.75678,                0.78739,                0.33479,                  2.025,                 1.1034,                 1.7183,              0.0010315,              0.0010315,              0.0010315
                     28,                 1.2287,                0.76191,                 1.1658,                0.77579,                0.74231,                0.79634,                0.33047,                 2.0158,                 1.0776,                 1.7447,              0.0010254,              0.0010254,              0.0010254
                     29,                 1.1829,                0.74906,                 1.1393,                0.80446,                0.73891,                0.79436,                0.32906,                 2.0268,                 1.0848,                 1.7376,              0.0010191,              0.0010191,              0.0010191
                     30,                 1.1788,                0.74207,                 1.1411,                0.79319,                0.77019,                0.81057,                0.33047,                 2.0816,                  1.022,                 1.8027,              0.0010126,              0.0010126,              0.0010126
                     31,                 1.1498,                0.71876,                 1.1254,                0.78948,                0.78261,                0.81994,                0.33963,                 2.0286,                  1.011,                 1.7419,               0.001006,               0.001006,               0.001006
                     32,                  1.132,                0.70703,                 1.1182,                0.81827,                0.78867,                0.82945,                0.35051,                 2.0137,                 1.0091,                 1.7419,              0.0009991,              0.0009991,              0.0009991
                     33,                 1.1291,                0.70981,                 1.1169,                0.81571,                0.76208,                0.83011,                0.34731,                 2.0521,                 1.0265,                 1.7869,             0.00099204,             0.00099204,             0.00099204
                     34,                 1.1076,                0.69291,                 1.1063,                0.74927,                 0.7931,                0.81058,                0.32905,                 2.0451,                 1.0503,                 1.7498,             0.00098479,             0.00098479,             0.00098479
                     35,                 1.1105,                0.68775,                 1.1047,                0.83228,                0.77086,                0.82421,                0.35459,                 2.0025,                0.95725,                 1.7403,             0.00097736,             0.00097736,             0.00097736
                     36,                 1.1014,                0.68411,                 1.1064,                0.81635,                0.78951,                0.82619,                 0.3461,                 2.0314,                0.99965,                 1.7782,             0.00096974,             0.00096974,             0.00096974
                     37,                 1.0732,                0.65803,                  1.084,                0.79313,                0.80226,                0.82387,                0.35086,                  2.011,                0.96714,                   1.71,             0.00096195,             0.00096195,             0.00096195
                     38,                 1.0485,                0.65622,                 1.0794,                0.77175,                0.76332,                0.78728,                0.34028,                 2.0316,                  1.031,                 1.7204,             0.00095398,             0.00095398,             0.00095398
                     39,                 1.0252,                0.64094,                  1.068,                0.76494,                0.76437,                0.79724,                0.33808,                 2.0162,                  1.023,                 1.7433,             0.00094583,             0.00094583,             0.00094583
                     40,                 1.0328,                0.64327,                 1.0675,                0.82479,                0.81428,                0.83968,                0.35645,                 2.0168,                0.92711,                 1.7218,             0.00093752,             0.00093752,             0.00093752
                     41,                 1.0067,                0.61891,                 1.0587,                 0.7883,                0.81075,                 0.8313,                0.35536,                 2.0172,                0.92276,                 1.7582,             0.00092904,             0.00092904,             0.00092904
                     42,                 1.0073,                0.63145,                 1.0624,                0.83704,                0.78162,                0.83696,                0.35969,                 2.0168,                0.97141,                 1.7295,              0.0009204,              0.0009204,              0.0009204
                     43,                0.98529,                  0.612,                 1.0484,                0.85584,                0.79802,                0.85192,                0.36529,                 1.9899,                0.92659,                 1.7063,              0.0009116,              0.0009116,              0.0009116
                     44,                  0.981,                0.60681,                  1.043,                0.80044,                0.80273,                0.82631,                0.35559,                 2.0114,                0.94744,                 1.7341,             0.00090265,             0.00090265,             0.00090265
                     45,                0.98483,                0.61761,                 1.0534,                  0.817,                0.80168,                0.84393,                 0.3582,                 2.0295,                 0.9746,                 1.7573,             0.00089355,             0.00089355,             0.00089355
                     46,                0.97331,                0.59821,                 1.0437,                0.85859,                0.78897,                0.85387,                0.36431,                 2.0029,                0.92682,                 1.7189,              0.0008843,              0.0008843,              0.0008843
                     47,                0.97083,                0.59534,                 1.0467,                 0.8401,                0.81147,                0.85433,                0.34914,                 2.0445,                0.92196,                 1.7632,             0.00087492,             0.00087492,             0.00087492
                     48,                0.96298,                0.59368,                 1.0379,                0.84451,                0.80654,                0.85043,                0.36597,                   2.03,                0.93984,                 1.7586,             0.00086539,             0.00086539,             0.00086539
                     49,                0.93105,                0.57186,                 1.0227,                0.84108,                0.80957,                0.85075,                0.36629,                  2.014,                0.93147,                 1.7215,             0.00085573,             0.00085573,             0.00085573
                     50,                0.92889,                0.57941,                 1.0257,                0.86844,                0.79785,                0.86344,                0.36251,                 2.0034,                0.89623,                 1.7138,             0.00084594,             0.00084594,             0.00084594
                     51,                0.92372,                0.56927,                 1.0189,                0.82457,                0.82985,                 0.8532,                0.35593,                 2.0232,                0.88807,                 1.7565,             0.00083603,             0.00083603,             0.00083603
                     52,                0.92266,                0.56891,                 1.0242,                  0.846,                0.82363,                0.85625,                0.36469,                  2.005,                0.89417,                 1.7032,             0.00082599,             0.00082599,             0.00082599
                     53,                0.89942,                0.54477,                 1.0105,                0.86713,                0.79748,                0.85452,                0.36772,                 1.9919,                0.90559,                 1.6892,             0.00081584,             0.00081584,             0.00081584
                     54,                0.90769,                0.56505,                 1.0123,                0.82612,                0.83507,                0.85187,                0.36549,                 2.0071,                0.89187,                 1.7136,             0.00080558,             0.00080558,             0.00080558
                     55,                0.90012,                0.54825,                 1.0104,                0.85636,                0.80006,                0.85622,                0.37342,                 1.9966,                0.90123,                 1.7193,             0.00079521,             0.00079521,             0.00079521
                     56,                0.88327,                0.55101,                 1.0062,                  0.857,                0.81426,                0.85759,                0.37623,                 1.9761,                0.88733,                 1.6865,             0.00078474,             0.00078474,             0.00078474
                     57,                0.86401,                0.53806,                 0.9959,                0.84585,                0.82118,                0.86324,                0.36883,                 2.0138,                0.89591,                 1.7224,             0.00077417,             0.00077417,             0.00077417
                     58,                0.85857,                0.53097,                0.99695,                0.87223,                0.80623,                0.86231,                0.37301,                 1.9841,                0.88344,                    1.7,              0.0007635,              0.0007635,              0.0007635
                     59,                0.86218,                0.53759,                0.99716,                0.82656,                0.79281,                0.83494,                 0.3601,                 2.0319,                0.90802,                 1.7275,             0.00075275,             0.00075275,             0.00075275
                     60,                0.85059,                0.52505,                0.98776,                0.84495,                0.82265,                 0.8561,                0.36971,                 1.9951,                0.87996,                 1.7046,             0.00074191,             0.00074191,             0.00074191
                     61,                0.83736,                0.51631,                0.98167,                 0.8464,                0.81493,                0.85821,                0.37369,                 1.9766,                 0.8899,                 1.6712,               0.000731,               0.000731,               0.000731
                     62,                0.83647,                0.51327,                0.98545,                  0.852,                0.83227,                0.86842,                0.37314,                 1.9788,                0.85335,                 1.6738,             0.00072001,             0.00072001,             0.00072001
                     63,                0.83927,                0.51774,                0.98439,                0.87497,                0.83111,                0.87627,                0.37262,                 2.0065,                0.84957,                 1.6881,             0.00070895,             0.00070895,             0.00070895
                     64,                0.82742,                0.51283,                0.98014,                0.86379,                0.83535,                 0.8685,                0.37028,                 2.0008,                0.85635,                 1.6982,             0.00069782,             0.00069782,             0.00069782
                     65,                0.82616,                0.50832,                0.98345,                0.84989,                0.83114,                0.87009,                0.37469,                 2.0016,                0.85676,                 1.6945,             0.00068664,             0.00068664,             0.00068664
                     66,                0.80234,                0.50079,                0.97744,                0.87497,                0.80417,                0.86827,                0.37833,                 1.9871,                0.85588,                 1.6866,             0.00067539,             0.00067539,             0.00067539
                     67,                0.79961,                0.49091,                0.96972,                0.86394,                0.80697,                0.86444,                 0.3763,                 1.9882,                0.86779,                 1.6825,              0.0006641,              0.0006641,              0.0006641
                     68,                0.80086,                0.49468,                0.97499,                0.86662,                0.80747,                0.85892,                0.36852,                 1.9823,                0.93516,                 1.6748,             0.00065277,             0.00065277,             0.00065277
                     69,                 0.7858,                0.49142,                 0.9687,                0.86859,                0.81953,                0.86468,                0.37452,                 1.9842,                0.85022,                 1.6866,             0.00064139,             0.00064139,             0.00064139
                     70,                0.77568,                 0.4739,                0.96459,                0.88278,                0.82335,                0.87568,                0.37786,                 1.9893,                0.84677,                 1.7005,             0.00062998,             0.00062998,             0.00062998
                     71,                0.77712,                0.48064,                0.96108,                0.85782,                0.79973,                0.86349,                0.37869,                 1.9755,                0.86712,                 1.6771,             0.00061854,             0.00061854,             0.00061854
                     72,                0.77079,                0.48028,                0.96402,                0.86571,                0.82322,                0.86934,                0.37693,                 1.9763,                0.84902,                 1.6772,             0.00060707,             0.00060707,             0.00060707
                     73,                0.75947,                0.46632,                0.95255,                0.88254,                0.83692,                0.88979,                0.38098,                 1.9984,                0.84171,                 1.7078,             0.00059559,             0.00059559,             0.00059559
                     74,                0.76721,                0.47587,                0.95808,                0.85479,                 0.8242,                0.87031,                0.37808,                 1.9947,                0.86689,                 1.6925,             0.00058408,             0.00058408,             0.00058408
                     75,                0.74609,                0.46505,                0.95202,                0.86878,                0.82736,                0.87645,                0.38311,                 1.9895,                0.84732,                 1.6894,             0.00057257,             0.00057257,             0.00057257
                     76,                0.74977,                  0.464,                0.95338,                 0.8736,                0.82712,                 0.8734,                0.37613,                 1.9938,                0.83139,                 1.6908,             0.00056106,             0.00056106,             0.00056106
                     77,                0.74667,                0.45838,                0.94897,                0.85603,                0.84018,                0.88218,                0.38386,                 1.9949,                0.83447,                 1.6877,             0.00054954,             0.00054954,             0.00054954
                     78,                0.73744,                0.46202,                0.94758,                0.87616,                0.83356,                0.88307,                 0.3815,                 1.9991,                 0.8101,                 1.7001,             0.00053803,             0.00053803,             0.00053803
                     79,                0.73145,                0.44367,                 0.9456,                 0.8654,                0.83367,                0.87542,                0.37942,                 1.9937,                 0.8253,                 1.6933,             0.00052652,             0.00052652,             0.00052652
                     80,                0.72644,                0.44706,                0.94398,                0.87266,                0.84274,                0.88474,                 0.3834,                  2.004,                0.84806,                 1.7072,             0.00051504,             0.00051504,             0.00051504
                     81,                0.72723,                0.44634,                0.94573,                0.87576,                0.83805,                0.88525,                0.38239,                 1.9932,                0.82133,                 1.6911,             0.00050357,             0.00050357,             0.00050357
                     82,                0.72066,                0.43915,                0.94482,                0.90329,                0.82251,                0.88177,                0.38173,                 1.9918,                0.82103,                 1.6884,             0.00049213,             0.00049213,             0.00049213
                     83,                0.69976,                0.42809,                0.93673,                0.88044,                 0.8216,                0.87645,                 0.3871,                 1.9851,                0.84386,                 1.6904,             0.00048072,             0.00048072,             0.00048072
                     84,                0.71232,                0.43767,                0.94026,                0.89029,                0.83297,                0.88148,                0.38565,                   1.99,                0.81034,                 1.6985,             0.00046934,             0.00046934,             0.00046934
                     85,                0.70965,                0.43722,                0.93748,                0.89509,                  0.838,                0.87845,                0.37995,                 2.0001,                 0.8177,                 1.7011,             0.00045801,             0.00045801,             0.00045801
                     86,                 0.6943,                0.42521,                0.93171,                0.88358,                0.84423,                0.88611,                0.38203,                 1.9967,                0.81646,                 1.6848,             0.00044672,             0.00044672,             0.00044672
                     87,                0.69618,                0.42852,                0.93562,                0.89799,                0.82364,                0.88337,                0.38413,                 2.0034,                0.83145,                 1.7071,             0.00043547,             0.00043547,             0.00043547
                     88,                0.69816,                0.42494,                0.93575,                0.90513,                0.83103,                0.88948,                0.39013,                 1.9888,                0.81229,                 1.6875,             0.00042429,             0.00042429,             0.00042429
                     89,                0.68936,                0.42663,                0.92986,                0.88933,                0.83404,                0.88216,                0.39074,                 1.9883,                0.81508,                 1.6943,             0.00041316,             0.00041316,             0.00041316
                     90,                0.67635,                0.41611,                0.93128,                0.90048,                0.82759,                 0.8849,                0.38744,                 1.9916,                0.80766,                 1.6891,              0.0004021,              0.0004021,              0.0004021
                     91,                 0.6762,                0.41177,                0.92771,                0.89789,                0.84252,                0.88996,                 0.3871,                 1.9934,                0.79801,                 1.6874,             0.00039111,             0.00039111,             0.00039111
                     92,                0.66879,                0.40921,                0.92646,                 0.8907,                0.83426,                0.87766,                0.38626,                 1.9817,                0.80656,                 1.6757,              0.0003802,              0.0003802,              0.0003802
                     93,                 0.6614,                0.40253,                0.92211,                 0.9076,                 0.8289,                0.89025,                0.38591,                 2.0103,                 0.8008,                 1.7044,             0.00036936,             0.00036936,             0.00036936
                     94,                0.66281,                0.40959,                0.92406,                 0.8825,                0.85275,                0.89075,                0.38908,                 1.9964,                0.80676,                 1.6917,             0.00035861,             0.00035861,             0.00035861
                     95,                0.66092,                0.40342,                  0.923,                0.89866,                0.83822,                0.88624,                0.38706,                  2.002,                0.81186,                 1.6884,             0.00034794,             0.00034794,             0.00034794
                     96,                0.65038,                0.39858,                0.91899,                0.88601,                0.84498,                0.88518,                0.38578,                  2.005,                0.80799,                 1.6976,             0.00033737,             0.00033737,             0.00033737
                     97,                0.64817,                 0.4011,                 0.9205,                0.89114,                0.83895,                0.88727,                0.38691,                 2.0025,                0.79634,                 1.6997,              0.0003269,              0.0003269,              0.0003269
                     98,                 0.6486,                0.40043,                0.91951,                0.90115,                0.84712,                0.89002,                0.38966,                 2.0032,                0.80156,                 1.6884,             0.00031653,             0.00031653,             0.00031653
                     99,                0.63515,                0.39455,                 0.9154,                0.89972,                0.83961,                0.88888,                0.39318,                 1.9967,                0.80623,                  1.687,             0.00030627,             0.00030627,             0.00030627
                    100,                 0.6362,                0.39372,                0.91958,                0.87421,                0.85587,                0.88554,                0.38909,                 2.0041,                0.81571,                 1.6913,             0.00029612,             0.00029612,             0.00029612
                    101,                0.63038,                0.39174,                0.91691,                0.88326,                0.85802,                0.88886,                 0.3874,                 1.9965,                0.79461,                 1.6945,             0.00028608,             0.00028608,             0.00028608
                    102,                0.62149,                 0.3872,                0.91267,                0.89175,                0.85374,                 0.8894,                0.39055,                 1.9968,                0.79591,                 1.6842,             0.00027617,             0.00027617,             0.00027617
                    103,                0.61181,                0.38676,                0.90861,                0.89177,                 0.8566,                0.88886,                 0.3889,                 1.9975,                0.79743,                 1.6913,             0.00026638,             0.00026638,             0.00026638
                    104,                 0.6124,                 0.3805,                0.90898,                0.88646,                0.85499,                0.88843,                0.38685,                 2.0002,                0.79737,                 1.7022,             0.00025672,             0.00025672,             0.00025672
                    105,                0.62184,                0.38932,                 0.9134,                0.89001,                0.84824,                0.88373,                0.38586,                 2.0005,                0.80564,                 1.7067,             0.00024719,             0.00024719,             0.00024719
                    106,                0.61021,                0.37989,                0.90712,                0.89663,                0.84411,                0.88925,                0.38825,                 2.0054,                0.80658,                 1.7047,             0.00023781,             0.00023781,             0.00023781
                    107,                0.60129,                0.37595,                0.90631,                0.89809,                0.84848,                0.89045,                0.38887,                 2.0042,                0.79445,                  1.705,             0.00022856,             0.00022856,             0.00022856
                    108,                0.59294,                0.37294,                0.90299,                0.88162,                  0.853,                0.88828,                0.38985,                 2.0013,                0.81085,                 1.7079,             0.00021946,             0.00021946,             0.00021946
                    109,                 0.5913,                0.36629,                 0.9013,                 0.8866,                0.85173,                0.88778,                0.38608,                 2.0105,                0.80477,                 1.7119,             0.00021051,             0.00021051,             0.00021051
                    110,                0.59309,                0.36773,                0.90611,                0.88939,                0.85036,                0.88715,                0.38775,                  2.001,                0.80531,                 1.6948,             0.00020171,             0.00020171,             0.00020171
                    111,                0.58541,                0.37034,                 0.9021,                0.89262,                0.85185,                0.88974,                0.38834,                 2.0032,                0.80687,                 1.7033,             0.00019307,             0.00019307,             0.00019307
                    112,                0.58553,                0.36841,                0.90183,                0.89757,                0.84865,                0.88759,                0.38895,                 2.0019,                0.81288,                 1.7058,             0.00018459,             0.00018459,             0.00018459
                    113,                0.57415,                0.36254,                0.89831,                0.89643,                0.84723,                0.89314,                0.39183,                 2.0064,                0.81252,                 1.7076,             0.00017628,             0.00017628,             0.00017628
                    114,                0.58309,                0.36854,                0.90049,                 0.8866,                0.85337,                0.89034,                0.39246,                 2.0032,                0.79789,                 1.7086,             0.00016813,             0.00016813,             0.00016813
                    115,                0.58175,                0.36593,                0.90277,                0.90682,                 0.8487,                0.89143,                0.39153,                 1.9992,                0.79866,                 1.7023,             0.00016016,             0.00016016,             0.00016016
                    116,                0.57379,                0.36683,                0.90072,                0.89656,                0.85503,                0.89223,                0.39106,                 1.9996,                0.79935,                 1.7076,             0.00015237,             0.00015237,             0.00015237
                    117,                0.56807,                0.35874,                0.89746,                0.89988,                0.84629,                0.89612,                0.39277,                 1.9996,                0.79713,                 1.7051,             0.00014475,             0.00014475,             0.00014475
                    118,                0.56732,                0.35369,                0.89718,                0.88227,                0.86335,                0.89542,                0.39335,                 1.9995,                0.80005,                 1.6994,             0.00013732,             0.00013732,             0.00013732
                    119,                0.56197,                0.35687,                0.89715,                0.88807,                0.86436,                0.89599,                0.39335,                 2.0022,                0.80059,                 1.7045,             0.00013007,             0.00013007,             0.00013007
                    120,                0.55495,                 0.3512,                0.89138,                0.91643,                0.83892,                0.89146,                 0.3932,                 2.0058,                 0.8057,                 1.7086,             0.00012301,             0.00012301,             0.00012301
                    121,                0.55702,                0.35239,                0.89412,                0.89356,                0.86602,                 0.8977,                0.39377,                 1.9999,                0.80193,                 1.7033,             0.00011614,             0.00011614,             0.00011614
                    122,                 0.5501,                0.34649,                0.89193,                0.90177,                0.85167,                0.89475,                0.39112,                 2.0022,                0.80533,                 1.7091,             0.00010947,             0.00010947,             0.00010947
                    123,                0.54979,                0.34786,                0.89324,                0.88217,                0.86521,                0.89496,                0.39479,                 2.0017,                 0.8036,                 1.7057,             0.00010299,             0.00010299,             0.00010299
                    124,                0.56067,                0.35306,                0.89579,                0.89567,                0.85174,                0.89232,                 0.3934,                 2.0048,                 0.7984,                 1.7075,             9.6721e-05,             9.6721e-05,             9.6721e-05
                    125,                 0.5442,                0.34221,                0.88985,                0.88584,                0.86688,                 0.8966,                0.39499,                 2.0022,                0.79499,                 1.7081,             9.0652e-05,             9.0652e-05,             9.0652e-05
                    126,                0.53918,                0.34037,                0.88956,                0.89501,                0.86504,                0.89551,                0.39219,                 2.0081,                0.80105,                  1.716,             8.4789e-05,             8.4789e-05,             8.4789e-05
                    127,                0.53316,                0.33545,                0.88919,                0.90117,                 0.8588,                0.89756,                0.39543,                 2.0061,                0.79836,                 1.7161,             7.9135e-05,             7.9135e-05,             7.9135e-05
                    128,                0.54183,                 0.3443,                0.89077,                0.90012,                0.85157,                0.89518,                0.39525,                 2.0043,                 0.7946,                 1.7117,             7.3692e-05,             7.3692e-05,             7.3692e-05
                    129,                0.53491,                0.33697,                0.88641,                0.88926,                0.86367,                0.89412,                0.39429,                 2.0039,                0.79599,                 1.7112,             6.8463e-05,             6.8463e-05,             6.8463e-05
                    130,                 0.5373,                0.34254,                 0.8909,                0.89067,                0.85686,                0.89205,                0.39458,                 2.0026,                0.79336,                 1.7059,              6.345e-05,              6.345e-05,              6.345e-05
                    131,                 0.5416,                0.34404,                0.89381,                0.89949,                0.84888,                0.89048,                0.39266,                  2.003,                0.79023,                 1.7047,             5.8655e-05,             5.8655e-05,             5.8655e-05
                    132,                 0.5405,                0.34059,                0.89169,                0.90732,                0.84923,                0.89337,                0.39203,                 2.0039,                0.79329,                 1.7079,             5.4081e-05,             5.4081e-05,             5.4081e-05
                    133,                 0.5306,                0.34093,                0.88818,                0.90836,                0.84625,                0.88972,                0.39112,                 2.0058,                0.79324,                 1.7133,             4.9729e-05,             4.9729e-05,             4.9729e-05
                    134,                0.53296,                0.33851,                0.88811,                0.89207,                0.85135,                0.89012,                0.39182,                 2.0061,                0.79548,                 1.7132,             4.5601e-05,             4.5601e-05,             4.5601e-05
                    135,                0.53152,                0.33683,                0.88751,                0.89429,                0.85077,                0.88966,                0.39232,                 2.0063,                0.79477,                 1.7136,               4.17e-05,               4.17e-05,               4.17e-05
                    136,                0.51864,                0.33131,                0.88265,                0.89672,                0.84753,                0.89092,                0.39278,                  2.006,                  0.797,                 1.7147,             3.8026e-05,             3.8026e-05,             3.8026e-05
                    137,                0.52501,                0.33275,                0.88743,                0.89828,                0.85128,                0.89259,                0.39271,                 2.0084,                0.79614,                 1.7176,             3.4582e-05,             3.4582e-05,             3.4582e-05
                    138,                0.52019,                0.33203,                0.88533,                0.89847,                0.84946,                0.89065,                0.39188,                 2.0089,                0.80081,                 1.7167,             3.1369e-05,             3.1369e-05,             3.1369e-05
                    139,                0.52573,                0.33768,                0.88882,                0.89416,                0.84965,                0.88704,                0.39323,                 2.0065,                0.80211,                  1.714,             2.8388e-05,             2.8388e-05,             2.8388e-05
                    140,                0.51736,                0.33041,                0.88473,                0.89243,                 0.8529,                0.89218,                0.39376,                 2.0051,                0.80095,                 1.7133,              2.564e-05,              2.564e-05,              2.564e-05
                    141,                  1.173,                0.49435,                 1.1907,                0.89879,                0.84955,                0.88985,                  0.391,                 2.0042,                0.79089,                 1.7011,             2.3128e-05,             2.3128e-05,             2.3128e-05
                    142,                 1.1409,                0.47703,                 1.1763,                0.90463,                0.84552,                0.88763,                0.38743,                 2.0056,                0.78765,                  1.689,             2.0851e-05,             2.0851e-05,             2.0851e-05
                    143,                 1.1253,                0.47033,                 1.1624,                0.90724,                0.84237,                0.88859,                0.38664,                 2.0044,                0.78954,                 1.6799,             1.8811e-05,             1.8811e-05,             1.8811e-05
                    144,                 1.1127,                0.46905,                 1.1619,                0.90374,                0.84231,                0.88752,                0.38825,                 2.0055,                0.78706,                 1.6792,              1.701e-05,              1.701e-05,              1.701e-05
                    145,                  1.117,                0.46941,                  1.157,                0.89726,                0.84273,                 0.8852,                0.38795,                 2.0066,                0.78594,                 1.6796,             1.5446e-05,             1.5446e-05,             1.5446e-05
                    146,                 1.1062,                0.46316,                 1.1595,                0.90226,                0.84478,                0.88828,                0.38795,                 2.0072,                0.78706,                 1.6798,             1.4123e-05,             1.4123e-05,             1.4123e-05
                    147,                  1.104,                0.46282,                 1.1582,                0.89821,                0.84751,                0.88813,                0.38794,                 2.0081,                0.78891,                 1.6813,             1.3039e-05,             1.3039e-05,             1.3039e-05
                    148,                 1.0975,                0.45899,                 1.1499,                0.88964,                0.84841,                 0.8858,                0.38789,                 2.0102,                0.79053,                 1.6842,             1.2195e-05,             1.2195e-05,             1.2195e-05
                    149,                 1.1026,                0.45548,                 1.1497,                0.89031,                0.84802,                0.88637,                0.38813,                 2.0116,                0.78971,                 1.6852,             1.1592e-05,             1.1592e-05,             1.1592e-05
                    150,                 1.1009,                0.45839,                 1.1546,                0.89048,                0.84767,                0.88688,                 0.3883,                 2.0119,                0.78946,                 1.6845,             1.1231e-05,             1.1231e-05,             1.1231e-05
